,auc,precision,recall,f
1th,0.7577206237945415,0.2468407750631845,0.6943127962085308,0.3642013673088875
2th,0.7253114515948559,0.2658092175777063,0.5876777251184834,0.36605166051660515
3th,0.7719822526166864,0.2373775433308214,0.7464454976303317,0.3602058319039451
4th,0.7422467664996162,0.25348189415041783,0.6453900709219859,0.364
5th,0.7492455284045132,0.24738675958188153,0.6713947990543735,0.36155315085932527
