,auc,precision,recall,f
1th,0.751865201056726,0.24026512013256007,0.6872037914691943,0.35604665438919586
2th,0.7514806870615545,0.24123539232053423,0.6848341232227488,0.3567901234567901
3th,0.7546288657643152,0.25354609929078015,0.6777251184834123,0.36903225806451617
4th,0.7423908245656614,0.24775583482944344,0.6524822695035462,0.3591411841249187
5th,0.7536987913788462,0.24212271973466004,0.6903073286052009,0.3585021485573972
