,auc,precision,recall,f
1th,0.7492579970376777,0.24567474048442905,0.6729857819905213,0.35994930291508237
2th,0.746356836573492,0.23966244725738398,0.6729857819905213,0.35345364032358434
3th,0.7571952951796833,0.23243243243243245,0.7132701421800948,0.3506115317414095
4th,0.7478699985949017,0.23742786479802144,0.6808510638297872,0.3520782396088019
5th,0.7569007125315379,0.24872231686541738,0.6903073286052009,0.3656856606136506
